{"stats":{"minecraft:used":{"minecraft:barrier":3,"minecraft:jungle_log":1,"minecraft:glass_pane":2,"minecraft:stone":2,"minecraft:grass_block":5},"minecraft:custom":{"minecraft:time_since_rest":111576,"minecraft:leave_game":28,"minecraft:crouch_one_cm":10596,"minecraft:time_since_death":111576,"minecraft:play_time":111576,"minecraft:sprint_one_cm":27888,"minecraft:walk_on_water_one_cm":125,"minecraft:walk_one_cm":82964,"minecraft:sneak_time":4157,"minecraft:total_world_time":111576,"minecraft:fly_one_cm":207997,"minecraft:drop":23,"minecraft:jump":291},"minecraft:dropped":{"minecraft:iron_sword":2,"minecraft:iron_nugget":21},"minecraft:picked_up":{"minecraft:dark_oak_door":2,"minecraft:iron_nugget":20,"minecraft:iron_sword":2}},"DataVersion":3700}