{"stats":{"minecraft:used":{"minecraft:diamond_chestplate":1,"minecraft:netherite_sword":1,"minecraft:light_gray_concrete":2,"minecraft:grass_block":5,"minecraft:barrier":3,"minecraft:diamond_helmet":1,"minecraft:jungle_log":1,"minecraft:glass_pane":2,"minecraft:stone":2,"minecraft:cobbled_deepslate":2},"minecraft:custom":{"minecraft:time_since_rest":133421,"minecraft:crouch_one_cm":13308,"minecraft:sprint_one_cm":35243,"minecraft:play_time":133421,"minecraft:walk_one_cm":105334,"minecraft:sneak_time":5007,"minecraft:mob_kills":1,"minecraft:drop":34,"minecraft:jump":399,"minecraft:damage_dealt":240,"minecraft:leave_game":30,"minecraft:walk_on_water_one_cm":125,"minecraft:time_since_death":133421,"minecraft:total_world_time":133421,"minecraft:fly_one_cm":257564},"minecraft:killed":{"minecraft:ocelot":1},"minecraft:dropped":{"minecraft:iron_sword":2,"minecraft:iron_nugget":30,"minecraft:totem_of_undying":2},"minecraft:picked_up":{"minecraft:dark_oak_door":2,"minecraft:glow_item_frame":1,"minecraft:filled_map":1,"minecraft:totem_of_undying":2,"minecraft:iron_nugget":29,"minecraft:iron_sword":2}},"DataVersion":3700}