{"stats":{"minecraft:used":{"minecraft:netherite_sword":1,"minecraft:grass_block":5,"minecraft:barrier":3,"minecraft:jungle_log":1,"minecraft:glass_pane":2,"minecraft:stone":2},"minecraft:custom":{"minecraft:time_since_rest":123341,"minecraft:crouch_one_cm":12072,"minecraft:sprint_one_cm":31708,"minecraft:play_time":123341,"minecraft:walk_one_cm":91179,"minecraft:sneak_time":4629,"minecraft:mob_kills":1,"minecraft:drop":30,"minecraft:jump":314,"minecraft:damage_dealt":100,"minecraft:leave_game":30,"minecraft:walk_on_water_one_cm":125,"minecraft:time_since_death":123341,"minecraft:total_world_time":123341,"minecraft:fly_one_cm":221345},"minecraft:killed":{"minecraft:ocelot":1},"minecraft:dropped":{"minecraft:iron_sword":2,"minecraft:iron_nugget":26,"minecraft:totem_of_undying":2},"minecraft:picked_up":{"minecraft:dark_oak_door":2,"minecraft:totem_of_undying":2,"minecraft:iron_nugget":25,"minecraft:iron_sword":2}},"DataVersion":3700}