{"stats":{"minecraft:used":{"minecraft:barrier":3,"minecraft:jungle_log":1,"minecraft:glass_pane":2,"minecraft:stone":2,"minecraft:grass_block":2},"minecraft:custom":{"minecraft:time_since_rest":99576,"minecraft:leave_game":28,"minecraft:crouch_one_cm":9781,"minecraft:time_since_death":99576,"minecraft:play_time":99576,"minecraft:sprint_one_cm":26736,"minecraft:walk_on_water_one_cm":125,"minecraft:walk_one_cm":76950,"minecraft:sneak_time":3475,"minecraft:total_world_time":99576,"minecraft:fly_one_cm":206036,"minecraft:drop":20,"minecraft:jump":282},"minecraft:dropped":{"minecraft:iron_sword":2,"minecraft:iron_nugget":18},"minecraft:picked_up":{"minecraft:dark_oak_door":2,"minecraft:iron_nugget":17,"minecraft:iron_sword":2}},"DataVersion":3700}