{"stats":{"minecraft:used":{"minecraft:water_bucket":2,"minecraft:diamond_chestplate":1,"minecraft:netherite_sword":10,"minecraft:sea_lantern":413,"minecraft:light_gray_concrete":3,"minecraft:grass_block":5,"minecraft:jungle_planks":1,"minecraft:barrier":3,"minecraft:mangrove_planks":4,"minecraft:diamond_helmet":1,"minecraft:jungle_log":1,"minecraft:glass_pane":2,"minecraft:mossy_cobblestone_slab":6,"minecraft:stone":2,"minecraft:cobbled_deepslate":2},"minecraft:custom":{"minecraft:time_since_rest":145421,"minecraft:crouch_one_cm":14706,"minecraft:sprint_one_cm":37973,"minecraft:play_time":145421,"minecraft:walk_one_cm":113358,"minecraft:sneak_time":6614,"minecraft:mob_kills":4,"minecraft:drop":34,"minecraft:jump":452,"minecraft:damage_dealt":840,"minecraft:leave_game":30,"minecraft:walk_on_water_one_cm":259,"minecraft:time_since_death":145421,"minecraft:total_world_time":145421,"minecraft:fly_one_cm":323748},"minecraft:killed":{"minecraft:zombie":1,"minecraft:creeper":2,"minecraft:ocelot":1},"minecraft:dropped":{"minecraft:iron_sword":2,"minecraft:iron_nugget":30,"minecraft:totem_of_undying":2},"minecraft:picked_up":{"minecraft:dark_oak_door":2,"minecraft:glow_item_frame":3,"minecraft:filled_map":3,"minecraft:totem_of_undying":2,"minecraft:iron_nugget":29,"minecraft:gunpowder":1,"minecraft:iron_sword":2}},"DataVersion":3700}