{"stats":{"minecraft:used":{"minecraft:barrier":3,"minecraft:jungle_log":1},"minecraft:picked_up":{"minecraft:iron_nugget":7,"minecraft:iron_sword":2},"minecraft:dropped":{"minecraft:iron_sword":2,"minecraft:iron_nugget":8},"minecraft:custom":{"minecraft:jump":180,"minecraft:time_since_rest":73174,"minecraft:leave_game":23,"minecraft:crouch_one_cm":6309,"minecraft:play_time":73174,"minecraft:time_since_death":73174,"minecraft:sprint_one_cm":9854,"minecraft:walk_on_water_one_cm":125,"minecraft:walk_one_cm":46667,"minecraft:sneak_time":1823,"minecraft:total_world_time":73174,"minecraft:fly_one_cm":107766,"minecraft:drop":10}},"DataVersion":3700}