{"stats":{"minecraft:used":{"minecraft:barrier":3,"minecraft:jungle_log":1,"minecraft:stone":2,"minecraft:grass_block":2},"minecraft:picked_up":{"minecraft:iron_nugget":15,"minecraft:iron_sword":2},"minecraft:dropped":{"minecraft:iron_sword":2,"minecraft:iron_nugget":16},"minecraft:custom":{"minecraft:jump":240,"minecraft:time_since_rest":85174,"minecraft:leave_game":23,"minecraft:crouch_one_cm":8425,"minecraft:play_time":85174,"minecraft:time_since_death":85174,"minecraft:sprint_one_cm":20458,"minecraft:walk_on_water_one_cm":125,"minecraft:walk_one_cm":56964,"minecraft:sneak_time":2862,"minecraft:total_world_time":85174,"minecraft:fly_one_cm":170307,"minecraft:drop":18}},"DataVersion":3700}